<?xml version="1.0" encoding="UTF-8"?>
<!DOCTYPE suite SYSTEM "https://testng.org/testng-1.0.dtd">
<suite guice-stage="DEVELOPMENT" name="Automation Test Suite for Autoportal.com">
<!--   <test thread-count="5" verbose="2" name="Automation of Autoportal.com in Chrome">
  <parameter name="Browser" value="Chrome" />
  <parameter name="url" value="https://autoportal.com/newbikes/" />
    <classes>
      <class name="org.autoportal.test.DriverTest"/>
    </classes>
  </test> test -->
  
  <test thread-count="5" verbose="2" name="Automation of Autoportal.com in Firefox">
  <parameter name="Browser" value="Firefox" />
  <parameter name="url" value="https://autoportal.com/newbikes/" />
    <classes>
      <class name="org.autoportal.test.DriverTest"/>
    </classes>
  </test> <!-- test -->
</suite> <!-- suite -->
            